county,quarter,log_wage,invest,invest_cum
0,0,4.957507692233057,0,0
0,1,5.59079583905753,0,0
0,2,6.01415671050715,0,0
0,3,5.786505319820099,0,0
0,4,5.273946209454067,0,0
0,5,5.999139723519471,0,0
0,6,5.786452013617825,0,0
0,7,4.9534495851104,0,0
0,8,4.5621256750987005,0,0
0,9,5.223474334695099,0,0
0,10,5.057087392812661,0,0
0,11,5.036503289707497,0,0
0,12,5.248655418675309,0,0
0,13,5.49563072863707,0,0
0,14,5.633706080430324,0,0
0,15,5.144836530666195,0,0
0,16,5.617342321649817,0,0
0,17,5.5834350155801555,0,0
0,18,6.239668501184861,0,0
0,19,6.735906071831841,0,0
1,0,4.892485593533354,0,0
1,1,5.15227955967079,0,0
1,2,5.792678041413088,0,0
1,3,5.755608977405113,0,0
1,4,5.4010346575269335,0,0
1,5,5.180449589318129,0,0
1,6,5.68298850199003,0,0
1,7,4.846011895997163,0,0
1,8,5.9566319944569965,0,0
1,9,5.138173423491632,0,0
1,10,5.320362371197313,0,0
1,11,5.603558342047295,0,0
1,12,4.906831265632403,0,0
1,13,5.628621494150807,0,0
1,14,5.216444795671504,0,0
1,15,6.4693669694292515,0,0
1,16,5.372838055481725,0,0
1,17,5.292618314980201,0,0
1,18,4.216445446157062,0,0
1,19,5.121770165268271,0,0
2,0,6.276501366370221,0,0
2,1,5.06826394178472,0,0
2,2,4.749536828953084,0,0
2,3,5.843586231507823,0,0
2,4,5.5986532534420554,0,0
2,5,5.397311183198939,0,0
2,6,4.756133013074716,0,0
2,7,6.237319733836776,0,0
2,8,5.075531520092814,0,0
2,9,4.997387084759705,0,0
2,10,5.7322869406057615,0,0
2,11,4.5079340552598826,0,0
2,12,5.7271091088375545,0,0
2,13,5.758994508655621,0,0
2,14,5.9584265126037375,0,0
2,15,5.628990255654616,0,0
2,16,4.826089935724046,0,0
2,17,5.059935787516695,0,0
2,18,6.5787036317348795,0,0
2,19,6.3648963149466695,0,0
3,0,5.251506757546552,0,0
3,1,5.2982627768469115,0,0
3,2,5.970299490075072,0,0
3,3,5.172726795103401,0,0
3,4,4.961235038356746,0,0
3,5,4.586271048833586,0,0
3,6,5.316593329297894,0,0
3,7,5.223261465760725,0,0
3,8,5.789037703330028,0,0
3,9,5.7902857956990905,0,0
3,10,5.249404605421962,0,0
3,11,6.711964705412985,0,0
3,12,5.554479982852838,0,0
3,13,4.99450154565105,0,0
3,14,5.014671290818426,0,0
3,15,5.057287981849388,0,0
3,16,5.780101640204757,0,0
3,17,4.755060933200897,0,0
3,18,4.918541418253911,0,0
3,19,5.820150619269122,0,0
4,0,4.957292062825848,0,0
4,1,5.340277926976145,0,0
4,2,5.255102633243115,0,0
4,3,5.4273677579713615,0,0
4,4,4.379535375578782,0,0
4,5,4.878773868985431,0,0
4,6,4.689940524617917,0,0
4,7,4.8314683043358535,0,0
4,8,4.879134260852207,0,0
4,9,5.264818393408758,0,0
4,10,5.047914494313047,0,0
4,11,5.148128475594801,0,0
4,12,5.467343109577432,0,0
4,13,5.662781252864218,0,0
4,14,5.544890361498088,0,0
4,15,5.578742096214881,0,0
4,16,6.407078865089839,0,0
4,17,5.418683406551776,0,0
4,18,4.884054763808901,0,0
4,19,5.377488534902196,0,0
5,0,5.065589941883339,0,0
5,1,5.374738340798932,0,0
5,2,5.263412559427806,0,0
5,3,5.959245001145478,0,0
5,4,4.347175361506387,0,0
5,5,5.526291070921332,0,0
5,6,4.24200298509863,0,0
5,7,5.408389509881816,0,0
5,8,5.639780481747732,0,0
5,9,5.618757392520697,0,0
5,10,5.968367035013574,0,0
5,11,4.840389652767624,0,0
5,12,4.978586588970674,0,0
5,13,5.989151244893213,0,0
5,14,5.390244731639372,0,0
5,15,4.987438461581238,0,0
5,16,4.431248455215772,0,0
5,17,5.000438963874511,0,0
5,18,4.924795065097513,0,0
5,19,5.215460018878005,0,0
6,0,5.577051874873163,0,0
6,1,5.409793882504744,0,0
6,2,4.374377860799287,0,0
6,3,4.4683068382674715,0,0
6,4,6.145699758443514,0,0
6,5,7.080204546764055,0,0
6,6,5.177952783830666,0,0
6,7,5.464165101434623,0,0
6,8,6.251537529782579,0,0
6,9,6.118489978282696,0,0
6,10,4.468735120686943,0,0
6,11,5.731636092834868,0,0
6,12,5.266021509447762,0,0
6,13,4.977373501018935,0,0
6,14,5.580991349261561,0,0
6,15,5.708855283458231,0,0
6,16,6.378742129468654,0,0
6,17,5.929533842106314,0,0
6,18,5.936024758534862,0,0
6,19,5.834982682265373,0,0
7,0,5.275257207863459,0,0
7,1,4.901447849835396,0,0
7,2,4.985338981113964,0,0
7,3,5.6363981690288405,0,0
7,4,4.652946249656504,0,0
7,5,4.875034719972496,17,17
7,6,5.706153036995956,0,17
7,7,5.337941944988957,0,17
7,8,4.94972004977053,0,17
7,9,5.799656110807639,0,17
7,10,5.364234061648277,0,17
7,11,5.705377253235898,0,17
7,12,5.336264315466593,0,17
7,13,5.4638942294188375,0,17
7,14,5.9506695201596465,0,17
7,15,5.517543896729804,0,17
7,16,5.532005259269692,0,17
7,17,5.511188650418094,0,17
7,18,4.66336027516214,0,17
7,19,4.957252308031688,0,17
8,0,5.022933544184811,0,0
8,1,4.631598017535202,0,0
8,2,5.618636665096387,0,0
8,3,5.322423682513612,0,0
8,4,5.554286006889823,0,0
8,5,5.1007810356408045,20,20
8,6,4.647967661961638,0,20
8,7,5.044122501521565,0,20
8,8,4.579248515658176,0,20
8,9,5.67416394431203,0,20
8,10,4.67938666407924,0,20
8,11,5.213120394820135,0,20
8,12,5.9240890593735,0,20
8,13,5.494863959111254,0,20
8,14,5.299052124112146,0,20
8,15,4.494141625570323,0,20
8,16,5.120584488778225,0,20
8,17,5.528458549222713,0,20
8,18,4.808914832504234,0,20
8,19,5.223703921585728,0,20
9,0,5.852772097506286,0,0
9,1,5.370248088575033,0,0
9,2,5.090843578189939,0,0
9,3,4.653183116113622,29,29
9,4,5.418291741504348,0,29
9,5,5.412281590034146,0,29
9,6,5.28505657103696,0,29
9,7,5.172957131678737,0,29
9,8,4.988047337060515,0,29
9,9,4.906133478733403,0,29
9,10,4.958418678372569,0,29
9,11,4.530181637434299,0,29
9,12,4.859748844694154,0,29
9,13,4.885787052662546,0,29
9,14,5.1154008832922635,0,29
9,15,6.206932653451682,0,29
9,16,5.02173132199291,0,29
9,17,5.2014421564423055,0,29
9,18,4.813681815242939,0,29
9,19,5.362940367521565,0,29
10,0,5.115597359886802,0,0
10,1,5.473346492195496,0,0
10,2,4.823445863475019,0,0
10,3,5.34191410489662,0,0
10,4,6.4957311762755765,0,0
10,5,5.08644900689075,0,0
10,6,5.398611656035913,0,0
10,7,5.142388906057641,0,0
10,8,6.219693338070954,0,0
10,9,5.876921443698114,0,0
10,10,5.370304567438054,0,0
10,11,5.566182539139438,0,0
10,12,4.9820176476026115,0,0
10,13,6.173154467069123,0,0
10,14,6.2279783654231515,0,0
10,15,6.140167858448744,0,0
10,16,6.263694292741134,0,0
10,17,6.252248973136568,0,0
10,18,7.564326130370472,0,0
10,19,6.306852038316687,0,0
11,0,4.957813230955453,0,0
11,1,5.926086551760047,0,0
11,2,4.218997094239871,0,0
11,3,5.648572415491261,0,0
11,4,5.785124130685944,0,0
11,5,5.655756493894829,0,0
11,6,5.794302332428959,0,0
11,7,5.35148957737695,0,0
11,8,5.266876723666818,0,0
11,9,4.5453844477570176,0,0
11,10,4.119166262730239,0,0
11,11,5.160923735279645,0,0
11,12,5.525939286494024,0,0
11,13,5.096547780142381,0,0
11,14,5.173654215250724,0,0
11,15,5.800222646498978,0,0
11,16,5.958878239646629,0,0
11,17,4.696065507495221,0,0
11,18,5.593844264919635,0,0
11,19,5.941839968550782,0,0
12,0,6.248462917561555,24,24
12,1,5.721758237799978,0,24
12,2,5.468046106631872,0,24
12,3,4.916968272752583,0,24
12,4,4.969084829791383,0,24
12,5,4.861698311518325,0,24
12,6,5.575106193362905,0,24
12,7,5.399536519102718,0,24
12,8,6.1495103009967655,0,24
12,9,5.518180207421944,0,24
12,10,5.049471866590687,0,24
12,11,5.0166193226142575,0,24
12,12,6.30263447837393,0,24
12,13,4.559879286791314,0,24
12,14,5.462685615793455,0,24
12,15,7.466069129362858,0,24
12,16,5.034373911592583,0,24
12,17,5.777387760760256,0,24
12,18,5.028527412442603,0,24
12,19,5.5431061208690915,0,24
13,0,5.299299531361634,0,0
13,1,5.119953903525717,0,0
13,2,4.70808009474888,0,0
13,3,4.848550430221853,0,0
13,4,5.908096124020646,0,0
13,5,4.7849388990022685,0,0
13,6,4.658860258830842,0,0
13,7,4.967630378403034,0,0
13,8,5.210046801723373,0,0
13,9,5.0719724178488335,0,0
13,10,4.632541091506493,0,0
13,11,5.486914432574997,0,0
13,12,4.697316099227894,0,0
13,13,6.3902959181472605,0,0
13,14,5.477787129623338,0,0
13,15,5.5058079539167855,0,0
13,16,5.190414849965411,0,0
13,17,4.780212795138164,0,0
13,18,5.4053426162561,0,0
13,19,5.361742335142793,0,0
14,0,4.508334083339112,0,0
14,1,4.500332950323026,0,0
14,2,5.217876601459268,0,0
14,3,6.095709677226918,0,0
14,4,5.066243159877728,0,0
14,5,5.662225277396205,0,0
14,6,6.3631227085936235,0,0
14,7,5.707159250681369,0,0
14,8,5.616443403543629,0,0
14,9,5.255048199366825,0,0
14,10,5.287516509176495,0,0
14,11,5.227910253733598,0,0
14,12,5.605649654973082,0,0
14,13,5.801570674106157,0,0
14,14,5.053294226791583,0,0
14,15,6.138367886111149,0,0
14,16,6.604569673680585,0,0
14,17,6.351571946863385,0,0
14,18,5.825246759953628,0,0
14,19,6.183139034480508,0,0
15,0,5.103306289985861,0,0
15,1,4.377327221163678,0,0
15,2,4.432445692108241,0,0
15,3,4.926675607553394,0,0
15,4,5.273799004445377,0,0
15,5,4.9175682635410976,0,0
15,6,5.616042443608119,0,0
15,7,5.061441763896252,0,0
15,8,5.508220567887059,0,0
15,9,5.366111462758202,0,0
15,10,5.721450189068161,0,0
15,11,5.501139919206284,0,0
15,12,6.316926809655942,0,0
15,13,5.589302505232943,0,0
15,14,5.113979565641467,0,0
15,15,4.915425860485691,0,0
15,16,5.3857437631450535,0,0
15,17,5.322610956409878,0,0
15,18,6.342882778836607,0,0
15,19,6.366244580367757,0,0
16,0,4.859133132708156,0,0
16,1,5.230624836865685,0,0
16,2,4.89225057436622,0,0
16,3,4.803875677161596,0,0
16,4,4.876151252768547,0,0
16,5,6.491811326717462,0,0
16,6,5.0859476775285914,0,0
16,7,4.80087768626143,0,0
16,8,6.026410484873856,0,0
16,9,5.7706156979281555,0,0
16,10,4.744207056645243,0,0
16,11,5.655818946527441,0,0
16,12,5.4876115151345966,0,0
16,13,5.714205217897806,0,0
16,14,6.198443935418931,0,0
16,15,5.675187770384976,0,0
16,16,5.182800033751963,0,0
16,17,5.5378834497676355,0,0
16,18,5.277789175354722,0,0
16,19,5.108063098302395,0,0
17,0,4.8627073898574675,0,0
17,1,5.210596597149306,0,0
17,2,5.9859888787718365,0,0
17,3,5.089075158612164,0,0
17,4,5.019757056227008,0,0
17,5,5.04125314351657,0,0
17,6,4.554023363805549,0,0
17,7,5.529051481690243,0,0
17,8,5.12626247612269,0,0
17,9,5.574412841079436,0,0
17,10,5.597921464709447,0,0
17,11,4.845986062468507,0,0
17,12,5.183656027323116,0,0
17,13,5.148017880857951,0,0
17,14,5.219553954854515,0,0
17,15,5.3520263455732975,0,0
17,16,6.327555202221374,0,0
17,17,6.0562201871261845,0,0
17,18,6.130998803239473,0,0
17,19,6.264178396137343,0,0
18,0,4.502150863999451,0,0
18,1,4.494426558335162,0,0
18,2,5.5778456406974035,0,0
18,3,4.82372257268928,0,0
18,4,4.942866628694544,0,0
18,5,5.979499484586918,0,0
18,6,6.14316769536313,0,0
18,7,4.6935410230610985,0,0
18,8,5.368416298495187,0,0
18,9,4.61112974710304,0,0
18,10,5.573687416317292,0,0
18,11,4.40011475993238,0,0
18,12,4.779044266950567,0,0
18,13,5.632592059282661,0,0
18,14,5.009341815118807,0,0
18,15,6.0084857647821375,0,0
18,16,4.667003506689666,0,0
18,17,5.221900223406259,0,0
18,18,5.840280066725113,0,0
18,19,4.72300881195123,0,0
19,0,5.173705040497375,0,0
19,1,4.714015949521198,0,0
19,2,5.0341539737334156,0,0
19,3,5.750673685372937,0,0
19,4,5.175117883611466,0,0
19,5,5.148372522521466,0,0
19,6,6.072511049335483,0,0
19,7,5.063367719852028,0,0
19,8,5.686022148686003,0,0
19,9,5.941510646742475,0,0
19,10,5.4975325957238725,0,0
19,11,5.574601633838067,0,0
19,12,6.6435101890919945,0,0
19,13,5.557515982993028,0,0
19,14,5.323033919187623,0,0
19,15,5.904933305800683,0,0
19,16,5.915763527353442,0,0
19,17,6.1560722139927435,0,0
19,18,5.474440210064241,0,0
19,19,5.361232270852273,0,0
20,0,5.581676936353754,0,0
20,1,5.358684740945858,0,0
20,2,5.0761920782539445,0,0
20,3,4.979801152584217,0,0
20,4,4.288341927019582,0,0
20,5,4.277486795136019,0,0
20,6,4.920987723994352,0,0
20,7,4.083717227779568,0,0
20,8,4.797509513980252,0,0
20,9,5.257730771984883,0,0
20,10,5.1445127401793265,0,0
20,11,5.723434674531055,0,0
20,12,4.695033176352806,0,0
20,13,5.070128494384766,0,0
20,14,5.3192218293587255,0,0
20,15,5.515137724914525,0,0
20,16,6.407827521518005,0,0
20,17,6.058433139557642,0,0
20,18,5.120724751003137,0,0
20,19,4.147490245703746,0,0
21,0,5.12306455149578,0,0
21,1,4.51415362543457,0,0
21,2,4.602060182025078,0,0
21,3,4.946856261541418,0,0
21,4,5.51329510594072,0,0
21,5,4.83949225010907,0,0
21,6,3.9404088323642705,0,0
21,7,4.979002943298256,0,0
21,8,5.6632212121689625,0,0
21,9,5.5528630697315196,13,13
21,10,5.600470261227294,0,13
21,11,5.670165028819902,0,13
21,12,5.511911703441631,0,13
21,13,5.349413587030494,0,13
21,14,4.571868108268646,0,13
21,15,4.649820909708874,0,13
21,16,5.646346585883253,0,13
21,17,5.053410979546263,0,13
21,18,5.651527001767227,0,13
21,19,5.7134446871318,0,13
22,0,4.5785869563739645,0,0
22,1,5.323907555088647,0,0
22,2,5.599830863546423,0,0
22,3,5.699969644911445,0,0
22,4,4.6083617924361615,0,0
22,5,5.139157644000597,0,0
22,6,5.378295437240754,0,0
22,7,5.169019385223764,0,0
22,8,5.95707688017308,0,0
22,9,4.59141155701265,0,0
22,10,5.909335767908857,0,0
22,11,5.408406964040152,0,0
22,12,5.268002742075957,0,0
22,13,6.0564349888816595,0,0
22,14,5.638203222134698,0,0
22,15,6.41940985698107,0,0
22,16,6.285060013897884,0,0
22,17,6.243815126356617,0,0
22,18,6.091706582863657,0,0
22,19,6.246141482032779,0,0
23,0,5.194102755975951,0,0
23,1,5.226138704834482,0,0
23,2,4.996476879585943,0,0
23,3,4.569746600308266,0,0
23,4,5.2889521892526306,0,0
23,5,4.729130317878146,0,0
23,6,5.333292404471872,0,0
23,7,5.29922611649711,0,0
23,8,5.622868403596412,0,0
23,9,5.825210273595177,0,0
23,10,5.054866093719504,0,0
23,11,5.636144490256474,0,0
23,12,6.2002680953601,0,0
23,13,6.082636268203855,0,0
23,14,5.032956009445173,0,0
23,15,6.008466411009198,14,14
23,16,6.417347581839989,0,14
23,17,5.006380481134112,0,14
23,18,6.08054173876672,0,14
23,19,5.349779319865391,0,14
24,0,4.926915637575237,0,0
24,1,5.3653083251868,0,0
24,2,5.3772867746495745,0,0
24,3,5.215826213771946,0,0
24,4,5.312706636035301,0,0
24,5,5.652099132786338,0,0
24,6,5.629225485920451,0,0
24,7,6.092288106050201,0,0
24,8,4.827883266288864,0,0
24,9,5.849202121192565,0,0
24,10,5.733911667928737,0,0
24,11,5.617717236840892,0,0
24,12,4.341355365700573,0,0
24,13,5.773483344398824,0,0
24,14,5.673370992029593,0,0
24,15,5.650343640612937,0,0
24,16,5.721252467920165,0,0
24,17,6.11494636813761,0,0
24,18,5.120874288147044,0,0
24,19,5.429975357191205,0,0
25,0,5.663784697803543,0,0
25,1,5.099823633217836,0,0
25,2,6.104780265936319,0,0
25,3,5.772909276197724,0,0
25,4,5.787644433363016,0,0
25,5,5.097726787694121,0,0
25,6,5.027158686001554,0,0
25,7,5.463585956202111,0,0
25,8,6.090752988833254,0,0
25,9,5.941615471801121,0,0
25,10,5.402527915949414,0,0
25,11,5.697264854019393,0,0
25,12,5.659156242831698,0,0
25,13,4.97597797214186,0,0
25,14,6.36667921490155,0,0
25,15,5.714030238080954,0,0
25,16,5.968512094585372,0,0
25,17,5.870555717874452,0,0
25,18,5.720230839951292,0,0
25,19,5.624428823726069,0,0
26,0,5.4903192775085055,0,0
26,1,4.930420847618297,0,0
26,2,5.879009169368213,0,0
26,3,5.012894943001263,0,0
26,4,4.836079927043155,0,0
26,5,5.505294946651744,0,0
26,6,5.804481214568911,0,0
26,7,5.143275625963221,0,0
26,8,6.54511002930318,0,0
26,9,5.933127457549956,0,0
26,10,5.593303987441103,0,0
26,11,5.250215782474194,0,0
26,12,6.283839315869833,0,0
26,13,5.649301367217778,0,0
26,14,5.617746857690103,0,0
26,15,4.627166581425768,0,0
26,16,5.911723111665254,0,0
26,17,5.944967816493388,0,0
26,18,5.665010427716482,0,0
26,19,6.3030049099205545,0,0
27,0,5.312081967078361,0,0
27,1,4.527767160312971,0,0
27,2,3.980715556670071,0,0
27,3,4.602513648607719,0,0
27,4,4.75895528194282,0,0
27,5,5.384382628493843,0,0
27,6,4.810089394751464,0,0
27,7,4.059978351554797,0,0
27,8,4.482876308486058,0,0
27,9,5.496080711294441,0,0
27,10,5.322202926659586,0,0
27,11,4.94138524829116,0,0
27,12,4.8869989521795345,0,0
27,13,5.653726979591188,0,0
27,14,5.656774146892875,0,0
27,15,5.527016342845663,0,0
27,16,4.9711467704445935,0,0
27,17,4.486580551291591,0,0
27,18,5.826366410097217,0,0
27,19,5.476067258044787,0,0
28,0,5.04357716563105,33,33
28,1,5.446512544027582,0,33
28,2,5.385667646057685,0,33
28,3,4.791875822522851,0,33
28,4,4.805399042505652,0,33
28,5,5.418986107598278,0,33
28,6,4.790789721706777,0,33
28,7,5.715948687486622,0,33
28,8,4.772491468181576,0,33
28,9,5.067126771440556,0,33
28,10,4.775371903653874,0,33
28,11,4.753131893957446,0,33
28,12,4.949962828460808,0,33
28,13,4.485118627188227,0,33
28,14,5.6124720455946635,0,33
28,15,5.519719226438492,0,33
28,16,5.43076243261162,0,33
28,17,6.1555952306496735,0,33
28,18,4.9901508362648075,0,33
28,19,6.033802522854094,0,33
29,0,5.061502789534226,0,0
29,1,4.862883875819772,0,0
29,2,5.212550444360257,0,0
29,3,5.305715478964433,0,0
29,4,5.007607954141143,0,0
29,5,5.415818038176345,0,0
29,6,4.610878963668533,0,0
29,7,5.711649659032959,0,0
29,8,4.457245664316564,0,0
29,9,4.053910134175926,0,0
29,10,4.983383775127112,0,0
29,11,5.373883998785482,0,0
29,12,4.7673837116412425,0,0
29,13,4.700417788582917,0,0
29,14,4.280749663279445,0,0
29,15,5.371452231552588,0,0
29,16,5.663301649081148,0,0
29,17,5.119277894210992,0,0
29,18,5.142567735265766,0,0
29,19,4.859759089115109,0,0
30,0,5.48142790252959,0,0
30,1,4.6860279800597215,0,0
30,2,5.571777975410476,0,0
30,3,5.13882029605451,0,0
30,4,5.110770864875275,0,0
30,5,4.90726241745343,0,0
30,6,5.519784468650024,0,0
30,7,5.479334097607779,0,0
30,8,5.182064678800043,0,0
30,9,6.1045400253139,0,0
30,10,5.040345361790294,0,0
30,11,5.438965431040121,0,0
30,12,5.305244309374813,0,0
30,13,5.612823170562,0,0
30,14,5.330267097902732,0,0
30,15,5.222470976441708,0,0
30,16,5.627214787977575,0,0
30,17,5.849125742278128,0,0
30,18,5.849657861049955,0,0
30,19,5.6266973006249374,0,0
31,0,4.971371604288861,0,0
31,1,5.535719529966085,0,0
31,2,5.898229607202601,0,0
31,3,5.356066439847952,0,0
31,4,6.482284431776451,0,0
31,5,5.3386768254443,0,0
31,6,5.3740259821679,0,0
31,7,5.324479146374366,0,0
31,8,5.894958456280399,0,0
31,9,5.5547505464302365,0,0
31,10,6.07938156272242,13,13
31,11,5.489641629827715,0,13
31,12,5.453178978473957,0,13
31,13,4.865637968053516,0,13
31,14,5.606240742076147,0,13
31,15,5.099671585988451,0,13
31,16,6.245137583653844,0,13
31,17,5.5098233701540655,0,13
31,18,6.204382942796165,0,13
31,19,5.175359078779173,0,13
32,0,4.736853166671268,0,0
32,1,5.65560464345038,0,0
32,2,5.532599399660282,0,0
32,3,5.819372558103522,0,0
32,4,6.45923107876964,0,0
32,5,6.110387991450212,0,0
32,6,5.834289772157906,0,0
32,7,6.1316835016843765,0,0
32,8,5.970006295489294,0,0
32,9,6.37178938105322,0,0
32,10,6.223018900403013,0,0
32,11,5.894232470738842,0,0
32,12,7.351946325097742,0,0
32,13,6.200367383111153,0,0
32,14,7.5236627735873975,0,0
32,15,6.913916877601581,0,0
32,16,7.638757478729087,0,0
32,17,7.101154677109271,0,0
32,18,7.8158089979709295,0,0
32,19,7.797399513433884,0,0
33,0,4.951200395331556,0,0
33,1,5.373750339589834,0,0
33,2,5.007152997685571,0,0
33,3,4.751876025194974,0,0
33,4,4.348987735020706,0,0
33,5,6.010603342860502,0,0
33,6,6.209306006777372,0,0
33,7,5.205259590546385,0,0
33,8,6.059059940511647,0,0
33,9,4.948090951018303,0,0
33,10,6.25698800931813,0,0
33,11,5.952962507716132,0,0
33,12,5.572981244046955,0,0
33,13,5.000115660781223,0,0
33,14,5.68229868362681,0,0
33,15,5.59918406833892,0,0
33,16,6.350867077679726,0,0
33,17,6.164146227684247,0,0
33,18,5.381205961405479,0,0
33,19,5.3999513754583095,0,0
34,0,4.7625675951179645,0,0
34,1,5.747759771700748,0,0
34,2,4.914500521172982,0,0
34,3,5.246199947107448,0,0
34,4,5.452438565778767,0,0
34,5,4.695046456519784,0,0
34,6,5.454647494527752,0,0
34,7,5.042982743514077,0,0
34,8,5.4005009123870975,0,0
34,9,5.351281869742922,0,0
34,10,5.908049865284123,0,0
34,11,5.181614098397932,0,0
34,12,5.4539930258022284,0,0
34,13,5.740151882842754,0,0
34,14,4.868627228443396,0,0
34,15,6.06202298548316,0,0
34,16,4.999291391657803,0,0
34,17,5.297692212828124,0,0
34,18,5.073983329512546,0,0
34,19,5.251799341154501,0,0
35,0,5.275718473983876,0,0
35,1,5.2041097714084295,0,0
35,2,4.281395520091436,0,0
35,3,4.2831024140720695,0,0
35,4,5.310771725260715,0,0
35,5,5.377111567055024,0,0
35,6,4.275716133953383,0,0
35,7,5.65808805957361,0,0
35,8,5.999159440190864,0,0
35,9,4.268324819321542,0,0
35,10,5.55741261885618,0,0
35,11,5.153826659093645,0,0
35,12,3.9472966720296494,0,0
35,13,5.549259794397505,0,0
35,14,5.195673743038073,0,0
35,15,4.964749028324558,0,0
35,16,6.018254039964014,0,0
35,17,5.567032253883055,0,0
35,18,4.683720027321916,0,0
35,19,6.2586497785085164,0,0
36,0,4.91392205823839,0,0
36,1,5.211892846243431,0,0
36,2,5.38923017961921,0,0
36,3,3.678437225298085,0,0
36,4,4.553094301444016,0,0
36,5,5.960811871583555,0,0
36,6,4.6380069049106,0,0
36,7,5.495044517545557,0,0
36,8,5.840120141820183,0,0
36,9,4.997095297522121,60,60
36,10,4.5498690984784576,0,60
36,11,6.324898080377914,0,60
36,12,4.7259769212137765,0,60
36,13,5.385579316658179,0,60
36,14,5.666246728305862,0,60
36,15,5.6397362271171465,0,60
36,16,5.552972207154024,0,60
36,17,5.886540639789639,0,60
36,18,4.922299948054095,0,60
36,19,6.087074374769123,0,60
37,0,5.154807149996779,0,0
37,1,6.424227653723859,0,0
37,2,4.926283469719159,0,0
37,3,4.384488264127437,0,0
37,4,4.711736736561849,0,0
37,5,5.625034888051825,0,0
37,6,4.696675115359391,0,0
37,7,5.335165428441512,0,0
37,8,5.312661556857044,0,0
37,9,5.957499402385025,0,0
37,10,6.073432063235405,0,0
37,11,5.583156431461195,0,0
37,12,5.4257468321499775,0,0
37,13,5.867037645678918,0,0
37,14,5.621688856343368,0,0
37,15,5.9124784164468345,0,0
37,16,6.5896794168571455,0,0
37,17,6.215547183852674,0,0
37,18,6.332625526908917,0,0
37,19,6.585391310590064,0,0
38,0,5.258692682492399,0,0
38,1,5.357126703738885,0,0
38,2,5.210160196570579,0,0
38,3,5.969660452543861,0,0
38,4,5.186269041873587,0,0
38,5,4.652418622641711,0,0
38,6,4.747653987494026,0,0
38,7,5.312212940833254,0,0
38,8,5.095748467174413,0,0
38,9,5.147089100209078,0,0
38,10,5.609620991530422,0,0
38,11,5.707074381956225,0,0
38,12,5.59375317385041,0,0
38,13,5.922174236917201,0,0
38,14,5.495829419892203,0,0
38,15,5.094894452896005,0,0
38,16,4.8360120435162814,0,0
38,17,5.62343529388448,0,0
38,18,5.389918940058759,0,0
38,19,5.7247902038292064,0,0
39,0,6.297599601361421,0,0
39,1,4.9798048790009535,0,0
39,2,4.158876816958325,0,0
39,3,5.701556425191498,0,0
39,4,4.774570154898328,0,0
39,5,5.6682499261402,0,0
39,6,5.557467818719808,0,0
39,7,5.832237872151316,0,0
39,8,6.214552217872054,0,0
39,9,5.519749680092303,0,0
39,10,4.956570631746324,0,0
39,11,5.159397444274663,0,0
39,12,5.591276930862373,0,0
39,13,5.285796381983571,0,0
39,14,4.6248068607947,0,0
39,15,5.408888118036814,0,0
39,16,5.046690005675373,0,0
39,17,5.653823110993171,0,0
39,18,5.173433503287233,0,0
39,19,5.702214318248013,0,0
40,0,5.813636179070823,0,0
40,1,4.918426309723053,0,0
40,2,4.561208164437548,0,0
40,3,5.80539867951653,0,0
40,4,4.905018527585582,0,0
40,5,5.8172834490961165,0,0
40,6,4.580661266686766,0,0
40,7,5.5014775831737275,0,0
40,8,4.728164233546665,0,0
40,9,5.608124243882163,0,0
40,10,5.499791545343459,0,0
40,11,4.861004001048369,0,0
40,12,5.760801123857611,0,0
40,13,6.125374815768149,0,0
40,14,5.928424594514037,0,0
40,15,5.804714349039846,0,0
40,16,4.954428590925554,0,0
40,17,6.528837000639531,0,0
40,18,5.192312903526048,0,0
40,19,5.09151564573458,0,0
41,0,5.6132134083831025,0,0
41,1,4.9262642135523835,0,0
41,2,4.870473880926109,0,0
41,3,5.146334164536542,0,0
41,4,5.654834663003071,0,0
41,5,5.025320835184614,0,0
41,6,4.893723747395531,0,0
41,7,5.23516716775749,0,0
41,8,5.901517073314617,0,0
41,9,5.131266064477508,0,0
41,10,5.029373465479362,0,0
41,11,5.856726457928153,0,0
41,12,5.000426534247006,0,0
41,13,5.651891239258031,0,0
41,14,6.124865809577708,0,0
41,15,5.112844906689962,0,0
41,16,5.6993201901508135,0,0
41,17,5.167930405270141,0,0
41,18,5.318063391405669,0,0
41,19,6.198125187100189,0,0
42,0,5.384627836829897,0,0
42,1,5.194125554921069,0,0
42,2,4.149718436988599,0,0
42,3,4.8540280548600165,0,0
42,4,5.025990326306893,0,0
42,5,5.092720808631755,0,0
42,6,5.076312071672714,0,0
42,7,5.229240283221214,0,0
42,8,4.409954756821589,0,0
42,9,4.774047222106923,0,0
42,10,4.470676907693607,0,0
42,11,5.217356498251287,0,0
42,12,6.167613020122793,0,0
42,13,4.998428252060155,0,0
42,14,6.544742442077565,0,0
42,15,5.738779773119423,0,0
42,16,5.3321538398333415,0,0
42,17,5.827189566128485,0,0
42,18,5.392657567651775,0,0
42,19,5.7215619771539625,0,0
43,0,4.835425072456549,0,0
43,1,4.698756670090536,0,0
43,2,6.168936835246411,0,0
43,3,4.989902040450851,0,0
43,4,4.30230260371951,0,0
43,5,6.138562430354561,0,0
43,6,5.290880953047355,0,0
43,7,5.409555587166067,0,0
43,8,5.585239465220149,0,0
43,9,4.393116346442849,0,0
43,10,4.143922751915086,0,0
43,11,5.627048510602992,0,0
43,12,5.178970511049352,0,0
43,13,6.043312219448847,0,0
43,14,4.914200442582125,0,0
43,15,5.5585823785397865,0,0
43,16,5.718721358975859,0,0
43,17,5.379188060963262,0,0
43,18,5.694266446900516,0,0
43,19,6.043989518902072,0,0
44,0,5.159310767281181,0,0
44,1,6.161450673401147,0,0
44,2,5.471171096629738,0,0
44,3,4.955099483418186,0,0
44,4,5.881502487904207,0,0
44,5,5.69595109225233,0,0
44,6,5.9278552984672155,0,0
44,7,5.656412441920272,0,0
44,8,5.317463843103337,0,0
44,9,5.4624218896100185,0,0
44,10,5.901659281562571,0,0
44,11,5.958827534810652,0,0
44,12,5.05890408734094,0,0
44,13,5.925213209162334,0,0
44,14,6.059810335391152,0,0
44,15,6.513002160954753,0,0
44,16,5.763892628672917,0,0
44,17,5.508098927161168,0,0
44,18,5.7724846691559994,0,0
44,19,6.322312001276206,0,0
45,0,4.313334575634867,0,0
45,1,5.059755050299329,0,0
45,2,5.157455618878382,0,0
45,3,5.3256256863812546,0,0
45,4,5.505096412716812,0,0
45,5,5.062709504415676,0,0
45,6,4.622446066057475,0,0
45,7,5.818224600833488,0,0
45,8,5.83899979779471,0,0
45,9,5.691349477608686,0,0
45,10,5.493092676569294,0,0
45,11,5.488379648336724,0,0
45,12,6.30017344272502,0,0
45,13,6.115757647947137,0,0
45,14,5.879051711912017,0,0
45,15,5.977155358265584,0,0
45,16,5.5637596456069724,0,0
45,17,5.331221437500542,0,0
45,18,5.413566340288433,0,0
45,19,5.525378144900015,0,0
46,0,4.900333999178375,0,0
46,1,5.124534981876673,0,0
46,2,5.972912194934622,0,0
46,3,4.79842052636662,0,0
46,4,5.345927112753349,0,0
46,5,4.690817700529908,0,0
46,6,4.517948657032171,0,0
46,7,5.818653098707045,0,0
46,8,4.93742496891838,0,0
46,9,4.951363600214203,0,0
46,10,5.770778479511672,0,0
46,11,4.514459531368118,0,0
46,12,6.17072253491997,0,0
46,13,6.3361096224665685,0,0
46,14,5.734949969942549,0,0
46,15,6.175929142626412,0,0
46,16,5.6122413241902525,0,0
46,17,5.447039189708573,0,0
46,18,5.585475780740232,0,0
46,19,5.386135209443907,0,0
47,0,4.9181757936793336,0,0
47,1,5.667396601129435,0,0
47,2,4.616157248209315,0,0
47,3,5.558273519304799,0,0
47,4,4.301692731337626,0,0
47,5,5.45034647508793,0,0
47,6,4.324753651131925,0,0
47,7,4.42966370737488,0,0
47,8,5.585367545008153,0,0
47,9,5.162735970543893,0,0
47,10,5.848022299759373,0,0
47,11,3.961481310282047,0,0
47,12,5.365126253242476,0,0
47,13,5.343083754617117,0,0
47,14,5.255386801444374,0,0
47,15,5.377659390242688,0,0
47,16,4.693888917420664,0,0
47,17,4.650825846774319,0,0
47,18,5.054306607118621,0,0
47,19,5.941616875867522,0,0
48,0,5.610926784393481,0,0
48,1,5.027222065758735,0,0
48,2,4.798929738562874,0,0
48,3,5.7213093366120304,0,0
48,4,5.074414301322824,0,0
48,5,5.576801836141591,0,0
48,6,5.862605580715699,0,0
48,7,6.276759895664984,0,0
48,8,5.598948695242245,0,0
48,9,5.179963480133986,0,0
48,10,6.042241421251626,0,0
48,11,5.981165876658235,0,0
48,12,5.022545302740918,0,0
48,13,6.046195532017918,0,0
48,14,5.949257503185296,0,0
48,15,6.542746116094438,0,0
48,16,7.156840582823622,0,0
48,17,5.588872981298982,0,0
48,18,6.768495713576474,0,0
48,19,6.029396726214893,0,0
49,0,4.897115917347108,0,0
49,1,5.115990303285394,0,0
49,2,4.987712089261616,0,0
49,3,5.608685547011005,0,0
49,4,5.096906948102853,0,0
49,5,5.022911893808473,0,0
49,6,4.285730538674528,0,0
49,7,4.779221263639815,0,0
49,8,4.680262605914187,0,0
49,9,4.954750172288551,0,0
49,10,4.771301635816421,0,0
49,11,5.01744608564106,0,0
49,12,6.133891991574506,0,0
49,13,5.013901107215906,0,0
49,14,4.854837200301949,0,0
49,15,6.097142060520182,0,0
49,16,5.006006018140144,0,0
49,17,5.20144617402127,0,0
49,18,5.303531254716572,0,0
49,19,5.022393791661197,0,0
50,0,6.074731490854791,0,0
50,1,4.896768704184243,0,0
50,2,4.80108244799888,0,0
50,3,5.207447997543822,0,0
50,4,6.158109210256561,0,0
50,5,5.012160176685979,0,0
50,6,5.122847102555087,0,0
50,7,5.445288368106217,0,0
50,8,6.405405749353881,0,0
50,9,6.279464559681375,0,0
50,10,5.204809741765175,0,0
50,11,5.692690693703867,0,0
50,12,6.683537784232394,0,0
50,13,5.527983889454995,0,0
50,14,5.231797969779913,0,0
50,15,5.515344769674001,0,0
50,16,5.783500642439419,0,0
50,17,5.513227278916346,0,0
50,18,5.959673208042617,51,51
50,19,5.739844327022397,0,51
51,0,5.344523007696188,0,0
51,1,5.467666498598931,0,0
51,2,4.677062016817524,0,0
51,3,5.390629743896193,0,0
51,4,4.893461956982061,0,0
51,5,5.227385858314876,0,0
51,6,4.925321012504505,0,0
51,7,5.889345565999454,0,0
51,8,4.935505165908974,0,0
51,9,4.856906007028259,0,0
51,10,5.436224000871744,0,0
51,11,6.174316939328512,0,0
51,12,5.3763122737783515,0,0
51,13,5.217746029015601,0,0
51,14,5.394557453039013,0,0
51,15,5.304076326940584,0,0
51,16,6.141117153665384,0,0
51,17,6.242000527591446,0,0
51,18,5.463215121560179,0,0
51,19,6.025875966320819,0,0
52,0,5.361796854526617,0,0
52,1,4.567655395959687,0,0
52,2,5.3584011258918585,0,0
52,3,5.474657762533702,21,21
52,4,5.105505983677191,0,21
52,5,5.131322084307999,0,21
52,6,5.173311408959199,0,21
52,7,5.760877465027662,0,21
52,8,5.1984299626489365,0,21
52,9,6.302970491746545,0,21
52,10,6.299948444303405,0,21
52,11,6.153574446894887,0,21
52,12,5.525226751631175,0,21
52,13,5.204595400410876,0,21
52,14,6.651075513555126,0,21
52,15,6.601827935620908,0,21
52,16,6.3785504942526385,0,21
52,17,6.599098688425208,0,21
52,18,5.906442202096964,0,21
52,19,7.398811543370545,0,21
53,0,4.969658119967742,0,0
53,1,4.834233850985652,0,0
53,2,5.509781996022647,0,0
53,3,5.151137341930724,0,0
53,4,5.216753081558502,0,0
53,5,5.275733952635202,0,0
53,6,5.399076718728424,0,0
53,7,5.4216143195320505,0,0
53,8,5.475103854614415,0,0
53,9,5.540286603128368,0,0
53,10,4.934881303460203,0,0
53,11,5.748515258747084,0,0
53,12,5.115603551388826,0,0
53,13,4.994869981834476,0,0
53,14,5.398446297146094,0,0
53,15,5.701572939200185,0,0
53,16,6.117752587280939,0,0
53,17,5.481873545720496,0,0
53,18,5.017369368875972,0,0
53,19,5.049232167377496,0,0
54,0,3.8106874671930324,0,0
54,1,6.202334702539423,0,0
54,2,5.715859048388563,0,0
54,3,5.226720940642807,0,0
54,4,5.347997050052842,20,20
54,5,5.331139454327557,0,20
54,6,5.419109809681136,0,20
54,7,4.987931677159135,0,20
54,8,5.153602042891329,0,20
54,9,5.243616532893748,0,20
54,10,6.517395262506982,0,20
54,11,5.100461061803916,0,20
54,12,5.905910699259993,0,20
54,13,5.818450545997762,0,20
54,14,5.865784547437523,0,20
54,15,6.118661625763042,0,20
54,16,5.737890561861555,0,20
54,17,5.102065477617344,0,20
54,18,5.571074153977511,0,20
54,19,5.266880179764453,0,20
55,0,4.971717801704002,0,0
55,1,5.026201907964796,0,0
55,2,5.690147709249369,0,0
55,3,6.526228060757066,0,0
55,4,5.578481761575628,0,0
55,5,4.928745046267296,0,0
55,6,4.513122297283723,0,0
55,7,5.381583019346038,0,0
55,8,6.105145410788699,0,0
55,9,5.354943954090749,0,0
55,10,5.496589210827898,0,0
55,11,6.352885701397455,0,0
55,12,5.20236754615415,0,0
55,13,5.560488637804721,0,0
55,14,5.8146057244364275,0,0
55,15,6.266985749922969,0,0
55,16,5.856692081617301,0,0
55,17,6.1287562380430565,0,0
55,18,6.853445331868955,0,0
55,19,5.837700907421728,0,0
56,0,4.979413467913109,0,0
56,1,4.892172740223619,0,0
56,2,5.149849156764483,0,0
56,3,5.7427944169566825,0,0
56,4,4.853193570341559,0,0
56,5,4.525046287279787,0,0
56,6,5.482022603269305,0,0
56,7,5.06214396222617,0,0
56,8,5.23270558371839,0,0
56,9,5.089042713852916,0,0
56,10,5.40465363515874,0,0
56,11,5.479899862316694,0,0
56,12,4.793297236313215,0,0
56,13,5.1162184404714806,0,0
56,14,6.054840204823742,0,0
56,15,5.666228059572141,0,0
56,16,4.441111591742312,0,0
56,17,6.444810277554307,0,0
56,18,5.164523520581472,0,0
56,19,5.075305808161855,0,0
57,0,4.6931036428970625,0,0
57,1,4.7804922333277045,0,0
57,2,4.546846523671778,0,0
57,3,5.119623933308608,18,18
57,4,5.011285029365726,0,18
57,5,4.802332433308862,0,18
57,6,5.176565823650428,0,18
57,7,4.108872472825816,0,18
57,8,6.236763969885015,0,18
57,9,4.465626503089387,0,18
57,10,4.869806236151156,0,18
57,11,4.7834878125031475,0,18
57,12,4.429553939618385,0,18
57,13,4.754463157861657,0,18
57,14,5.28835396864976,0,18
57,15,5.333830503893281,0,18
57,16,6.284516207851487,0,18
57,17,4.248505938588407,0,18
57,18,5.667720540906991,0,18
57,19,5.952461624832474,0,18
58,0,4.92246807885319,0,0
58,1,5.08540601043565,0,0
58,2,4.786631731793128,0,0
58,3,5.5102138037298305,0,0
58,4,4.639129318922686,0,0
58,5,4.85165581203963,0,0
58,6,5.139812207771484,0,0
58,7,5.575734975754846,0,0
58,8,5.731320232361681,0,0
58,9,5.461059393838724,0,0
58,10,5.3632508659980775,0,0
58,11,5.6198707011672155,0,0
58,12,6.709942177480043,0,0
58,13,6.402243493989224,0,0
58,14,5.597569124265413,0,0
58,15,5.76358200359635,0,0
58,16,5.913275030455218,0,0
58,17,5.221012570736213,0,0
58,18,6.477743189078433,0,0
58,19,5.665954233383245,0,0
59,0,4.664656793805516,0,0
59,1,4.659955364115442,0,0
59,2,4.963105171536961,12,12
59,3,4.822174212792674,0,12
59,4,5.438145796067229,0,12
59,5,4.711722532881633,0,12
59,6,4.1973663301776805,0,12
59,7,5.792737992232329,0,12
59,8,5.874874415804192,0,12
59,9,5.226256279663204,0,12
59,10,5.488108725572779,0,12
59,11,5.095237300806778,0,12
59,12,5.1986132540129555,0,12
59,13,5.261657775809284,0,12
59,14,5.368060890063363,0,12
59,15,6.325868837383303,0,12
59,16,6.349381788122225,0,12
59,17,5.565777615470684,0,12
59,18,5.665816481969911,0,12
59,19,5.754530286391986,0,12
60,0,5.675968353471051,0,0
60,1,5.218775761039983,0,0
60,2,6.357801363559926,0,0
60,3,3.8245193805226707,0,0
60,4,4.78494714529893,0,0
60,5,5.987470010864131,0,0
60,6,5.6407544525930815,0,0
60,7,5.928974385034748,0,0
60,8,5.385154883520339,0,0
60,9,5.606434951974971,0,0
60,10,6.980501210301808,0,0
60,11,6.308626434282843,0,0
60,12,6.901697593280349,0,0
60,13,6.350748778150566,0,0
60,14,6.980921983172636,0,0
60,15,6.522952428972307,0,0
60,16,6.569578977255844,0,0
60,17,6.533961223673598,0,0
60,18,7.32825281505354,0,0
60,19,7.473927820067591,0,0
61,0,5.769507644643676,0,0
61,1,4.162377202856643,0,0
61,2,4.739007184141782,0,0
61,3,5.504648285554919,0,0
61,4,5.363583880610615,0,0
61,5,6.023544175580317,0,0
61,6,5.455969573249215,0,0
61,7,5.027209165546242,0,0
61,8,5.132813400235614,0,0
61,9,6.070111377953958,0,0
61,10,6.058920984892719,0,0
61,11,5.221929700967735,0,0
61,12,5.727810919545964,0,0
61,13,4.759512523244813,0,0
61,14,4.394253969475126,0,0
61,15,5.963657398908775,0,0
61,16,5.94088499219051,0,0
61,17,5.9841243937225315,0,0
61,18,6.03404548654557,0,0
61,19,5.693422697345399,0,0
62,0,4.4184268185716284,0,0
62,1,5.278510482846175,0,0
62,2,4.3274775696614345,0,0
62,3,4.6482427804371955,0,0
62,4,5.997354619219204,0,0
62,5,5.821347146474472,0,0
62,6,5.8661301492459845,0,0
62,7,4.622006046219905,0,0
62,8,5.654873682453772,0,0
62,9,6.229583161759871,0,0
62,10,4.760063624442673,0,0
62,11,4.388275551811502,0,0
62,12,5.456149260916577,0,0
62,13,4.983283078322778,0,0
62,14,5.551623418889874,0,0
62,15,4.710961054594884,0,0
62,16,5.425774480101474,0,0
62,17,5.480293843946155,0,0
62,18,6.0398784361064415,0,0
62,19,6.0701179917098775,0,0
63,0,5.038254629000409,0,0
63,1,4.984165954422808,0,0
63,2,5.66191837506019,0,0
63,3,5.498004135083872,0,0
63,4,5.597461708804123,0,0
63,5,5.534670138638433,0,0
63,6,5.576461801242927,0,0
63,7,4.736457125676553,0,0
63,8,5.572799159348691,0,0
63,9,5.379285866388068,0,0
63,10,5.7173370213071015,0,0
63,11,6.38028539238258,0,0
63,12,5.925032152494226,0,0
63,13,6.720384268417824,0,0
63,14,6.109116556240043,0,0
63,15,6.558716850479637,0,0
63,16,6.2924436154164365,0,0
63,17,6.499073901025899,0,0
63,18,6.422859432289216,0,0
63,19,5.950523805935981,0,0
64,0,6.227755784951324,0,0
64,1,4.7511551308769935,0,0
64,2,6.638919754580239,0,0
64,3,4.616139694349706,0,0
64,4,6.236201671087364,0,0
64,5,6.481501943610678,0,0
64,6,5.187366240403544,0,0
64,7,6.852710180689062,0,0
64,8,6.172902459661072,0,0
64,9,6.507068957334487,0,0
64,10,5.978543332076255,0,0
64,11,5.952639190389686,0,0
64,12,6.99982623811387,0,0
64,13,5.884133792927733,0,0
64,14,6.068639259955792,0,0
64,15,6.30972150531687,0,0
64,16,6.745823645065898,0,0
64,17,7.834244632948562,0,0
64,18,6.798462529249282,0,0
64,19,7.602162561740285,0,0
65,0,4.917959077779053,0,0
65,1,4.952713223758581,0,0
65,2,5.5227671794961,0,0
65,3,4.659849553078284,0,0
65,4,5.917441939399166,0,0
65,5,6.088730106473928,0,0
65,6,5.810826385191149,0,0
65,7,6.2175342894647025,0,0
65,8,3.944705765915617,0,0
65,9,5.7641634580624075,0,0
65,10,5.6832260574342035,0,0
65,11,5.1600906789196,0,0
65,12,5.438918971631106,0,0
65,13,5.535281186226592,0,0
65,14,5.137524832808932,0,0
65,15,5.803927613754731,0,0
65,16,6.055345999597419,0,0
65,17,6.176776164406598,0,0
65,18,5.655012246174592,0,0
65,19,5.72908544266353,0,0
66,0,5.125629119416972,16,16
66,1,5.906665414906792,0,16
66,2,5.358172679518481,0,16
66,3,6.345241413744906,0,16
66,4,4.893132700005976,0,16
66,5,4.953374794264699,0,16
66,6,6.30896710154809,0,16
66,7,5.240890121796646,0,16
66,8,6.10909879840408,0,16
66,9,5.433064718825564,0,16
66,10,4.94200174859683,0,16
66,11,5.820139893311219,0,16
66,12,4.765973762688753,0,16
66,13,5.220676921226552,0,16
66,14,5.663325414901901,0,16
66,15,6.362022105878738,0,16
66,16,6.289054406136216,0,16
66,17,4.75325572074078,0,16
66,18,6.086591334518079,0,16
66,19,6.500528434838913,0,16
67,0,5.583409652724522,0,0
67,1,4.5115193360160735,0,0
67,2,4.399669684351329,0,0
67,3,6.547818560281334,0,0
67,4,5.249383671247283,0,0
67,5,4.73806489369282,0,0
67,6,5.1815179500878115,0,0
67,7,6.28558658384992,0,0
67,8,6.020106399027442,0,0
67,9,5.714337459522313,0,0
67,10,5.431000186726963,0,0
67,11,5.7650785956815955,0,0
67,12,5.359675501683593,0,0
67,13,5.579033017842289,0,0
67,14,5.607304270735005,0,0
67,15,6.081222493392188,0,0
67,16,4.720975085939004,0,0
67,17,6.022980077537355,0,0
67,18,5.805202062899023,0,0
67,19,6.414781595916331,0,0
68,0,6.715540623004115,0,0
68,1,6.836692423725754,0,0
68,2,6.695271436762901,0,0
68,3,6.367304732050338,0,0
68,4,5.837685543399061,0,0
68,5,7.181194225183569,0,0
68,6,6.648802019646481,0,0
68,7,6.328648169616651,0,0
68,8,5.758005107665456,0,0
68,9,6.677707350250287,0,0
68,10,6.568095123034219,0,0
68,11,6.2150504543844,0,0
68,12,6.197246565930023,0,0
68,13,6.818677314777355,0,0
68,14,6.734520690626875,0,0
68,15,5.942730321748571,0,0
68,16,6.6723132625449715,0,0
68,17,7.34892745017635,0,0
68,18,6.894758083905524,0,0
68,19,6.41765996473186,0,0
69,0,3.9716097190335153,0,0
69,1,4.65536993463726,0,0
69,2,4.547937687426946,0,0
69,3,5.160429740630876,0,0
69,4,4.90021919809876,0,0
69,5,6.004537411283304,0,0
69,6,6.042678763198134,0,0
69,7,4.594142828441141,0,0
69,8,5.794556691026001,0,0
69,9,6.208913828379941,0,0
69,10,6.181823225643553,0,0
69,11,6.915416535551401,0,0
69,12,5.023543811453406,0,0
69,13,5.834632598830217,0,0
69,14,5.221862801903667,0,0
69,15,5.147179602054995,0,0
69,16,4.841677484987372,0,0
69,17,5.39205092488073,0,0
69,18,5.386748125832279,0,0
69,19,5.6964632161973245,0,0
70,0,5.902524346702311,0,0
70,1,4.72085949895349,0,0
70,2,6.139034348013068,0,0
70,3,5.324286633060216,0,0
70,4,5.023791064048149,0,0
70,5,5.466776164421309,0,0
70,6,5.544785818523884,0,0
70,7,5.488266504821622,0,0
70,8,5.896833360472686,23,23
70,9,5.087481405997173,0,23
70,10,4.23612956545544,0,23
70,11,5.344336080716944,0,23
70,12,5.576795848770319,0,23
70,13,5.3643176043024265,0,23
70,14,5.88866372988361,0,23
70,15,5.66425132968406,0,23
70,16,5.476493600064637,0,23
70,17,5.319194852194285,0,23
70,18,5.667712166439838,0,23
70,19,5.51502529294581,0,23
71,0,4.173388430364438,0,0
71,1,5.844577355352751,0,0
71,2,5.421259651578083,0,0
71,3,5.880502209462248,0,0
71,4,6.00387142660536,0,0
71,5,5.733410499616156,0,0
71,6,5.005018409192319,0,0
71,7,4.573982545670779,0,0
71,8,4.317076997295203,0,0
71,9,4.593549423258499,0,0
71,10,5.208582810196315,0,0
71,11,5.38562314876331,0,0
71,12,5.182916072319682,0,0
71,13,5.263895296981623,0,0
71,14,5.075205264264563,0,0
71,15,5.265247308560224,0,0
71,16,6.316612494837324,0,0
71,17,6.16720162663259,0,0
71,18,4.873836792331688,0,0
71,19,5.748868704764113,0,0
72,0,4.839341728183552,0,0
72,1,5.87231926585197,0,0
72,2,6.0148624943483915,0,0
72,3,5.365258873113885,0,0
72,4,5.099276587487841,0,0
72,5,5.9529805644943306,0,0
72,6,4.979965754852934,0,0
72,7,5.321261522091295,0,0
72,8,5.873183293027246,0,0
72,9,6.132229983485776,0,0
72,10,5.801043096803985,0,0
72,11,5.087456311357412,0,0
72,12,4.283832092368178,0,0
72,13,5.620456070171195,0,0
72,14,5.6034689481346724,0,0
72,15,6.443977413952349,0,0
72,16,5.17157651469837,0,0
72,17,6.0570067670260475,0,0
72,18,5.518504216497601,0,0
72,19,6.381165048035318,0,0
73,0,5.531219406468387,0,0
73,1,5.229797321237384,0,0
73,2,5.3192726671516155,0,0
73,3,6.178837665513031,0,0
73,4,5.249229755917949,0,0
73,5,6.403412225219659,0,0
73,6,4.592315670905704,0,0
73,7,5.851463004955632,0,0
73,8,5.7123335064430725,0,0
73,9,5.984207676976227,0,0
73,10,4.773145930401847,0,0
73,11,5.61097426370832,0,0
73,12,5.046086422051758,0,0
73,13,6.15274430333736,0,0
73,14,6.052798268708414,0,0
73,15,6.08314685891714,0,0
73,16,5.193583596171153,0,0
73,17,6.2741775139590015,0,0
73,18,6.1771222549318106,0,0
73,19,5.720774802435406,0,0
74,0,5.445280689190057,0,0
74,1,4.522422422258268,0,0
74,2,4.828534107227923,0,0
74,3,4.858019917276992,0,0
74,4,4.751007545231035,0,0
74,5,5.423657808819667,0,0
74,6,5.23534506768449,0,0
74,7,6.05743138746871,0,0
74,8,4.8356561616684735,0,0
74,9,5.619516227833828,0,0
74,10,5.567775760796279,0,0
74,11,5.003678248060499,0,0
74,12,5.8008430046803365,0,0
74,13,4.612734743365629,0,0
74,14,5.534621823545827,0,0
74,15,5.420821642074113,0,0
74,16,5.182318389495958,0,0
74,17,5.726677381435017,0,0
74,18,6.455841790949707,0,0
74,19,5.134804250006789,0,0
75,0,5.362912457520001,0,0
75,1,5.415136487423497,0,0
75,2,5.456735652477748,0,0
75,3,5.378961470264256,0,0
75,4,5.988122764566986,0,0
75,5,5.340716168286682,0,0
75,6,5.1553348628711255,0,0
75,7,4.86373247867516,0,0
75,8,5.703317670389168,0,0
75,9,4.647050666198495,0,0
75,10,5.601365586283929,0,0
75,11,4.738499970808835,0,0
75,12,5.9114549591975605,0,0
75,13,5.593085661845141,0,0
75,14,5.733329197829653,0,0
75,15,5.027016012220444,0,0
75,16,5.134318621868264,0,0
75,17,4.661734337045236,0,0
75,18,6.400090939910102,0,0
75,19,5.453994907720133,0,0
76,0,5.129218082971579,0,0
76,1,4.965389717500796,0,0
76,2,4.37504652853996,0,0
76,3,4.294538487306981,0,0
76,4,5.361765949130186,0,0
76,5,4.459007868818392,0,0
76,6,4.894640382622188,0,0
76,7,5.387872528935087,0,0
76,8,5.5191902429443935,0,0
76,9,4.173358222273355,0,0
76,10,6.066260952799139,0,0
76,11,5.71870377398955,0,0
76,12,5.65092411162077,0,0
76,13,5.179640446960441,0,0
76,14,6.073566756704983,0,0
76,15,4.927368081413984,0,0
76,16,6.002137395879055,0,0
76,17,5.808832672725426,0,0
76,18,6.232924848664229,0,0
76,19,5.5411129828833365,0,0
77,0,5.0735556963268715,0,0
77,1,4.566821015131373,0,0
77,2,4.371538605339868,0,0
77,3,5.684816000730586,0,0
77,4,5.058976656483002,0,0
77,5,4.805651675223551,0,0
77,6,5.204881765194828,0,0
77,7,5.00673038281845,0,0
77,8,5.2927237106358564,0,0
77,9,5.609827980665542,0,0
77,10,5.437125212333148,0,0
77,11,5.206616518690062,0,0
77,12,5.256415143060335,0,0
77,13,4.952398203520855,0,0
77,14,5.1712058936910115,0,0
77,15,5.865682362600588,0,0
77,16,5.955506944972259,0,0
77,17,5.982852258848662,0,0
77,18,5.537174177430437,0,0
77,19,5.7177882586780235,0,0
78,0,3.5830511186798244,0,0
78,1,4.799148387184387,0,0
78,2,4.968126644457088,0,0
78,3,4.804054056199913,0,0
78,4,4.7636088725673815,0,0
78,5,5.204726059655829,0,0
78,6,4.921819150105401,0,0
78,7,4.885071909879417,0,0
78,8,5.846641673090867,0,0
78,9,5.847016283477455,0,0
78,10,6.307765892065726,0,0
78,11,5.563636015160223,0,0
78,12,6.343969605962454,0,0
78,13,4.9530166325639895,0,0
78,14,5.237459667767294,0,0
78,15,6.336374426408192,0,0
78,16,6.157731103640959,0,0
78,17,5.190991212643673,0,0
78,18,5.756113167387451,0,0
78,19,4.792520013708847,0,0
79,0,5.94386206493342,0,0
79,1,5.884613403907215,0,0
79,2,4.948205556335326,0,0
79,3,4.960550046938558,0,0
79,4,5.845232629835166,0,0
79,5,4.973208094286955,0,0
79,6,5.283109561176564,0,0
79,7,5.967128545897017,31,31
79,8,4.593794623009452,0,31
79,9,5.260987731246811,0,31
79,10,5.653407075449851,0,31
79,11,5.228613087390134,0,31
79,12,5.743192355893705,0,31
79,13,5.7031217730640895,0,31
79,14,5.767280450196231,0,31
79,15,4.982790751117283,0,31
79,16,4.9557217705416425,0,31
79,17,5.1608168463578705,0,31
79,18,5.855120324248677,0,31
79,19,5.980552762011829,0,31
80,0,4.675209316939428,0,0
80,1,5.508027514824622,0,0
80,2,6.5369127059671595,0,0
80,3,4.315240084708261,0,0
80,4,5.533458990652628,0,0
80,5,4.826972628727625,0,0
80,6,5.378718775628085,0,0
80,7,5.56668842933715,0,0
80,8,6.10400925763734,0,0
80,9,6.693998134980236,0,0
80,10,5.953050120746142,0,0
80,11,6.080584509480432,0,0
80,12,5.609743380901507,0,0
80,13,6.021652106085868,0,0
80,14,5.333372279398771,0,0
80,15,6.035859172572929,0,0
80,16,5.845667425056621,0,0
80,17,5.965063676662812,0,0
80,18,6.036544045944309,0,0
80,19,5.793051379706303,0,0
81,0,5.22352454400623,0,0
81,1,5.869339998864218,0,0
81,2,5.41439483411041,0,0
81,3,4.727155935847831,0,0
81,4,6.118148741437129,0,0
81,5,6.1411331112388154,0,0
81,6,4.968896371877263,0,0
81,7,5.107366860470495,0,0
81,8,4.946891957673851,0,0
81,9,5.432022504150972,0,0
81,10,4.428113602571557,0,0
81,11,5.507400967005072,0,0
81,12,6.139908311530994,0,0
81,13,5.39888554594354,0,0
81,14,5.045941075852635,0,0
81,15,6.3480442727546755,0,0
81,16,5.473319022905512,0,0
81,17,5.673383894738375,0,0
81,18,5.648026416130218,0,0
81,19,4.7617814177457625,0,0
82,0,4.889005254811944,0,0
82,1,5.82092297687888,0,0
82,2,4.009311881017217,0,0
82,3,4.558965441581838,0,0
82,4,4.516608130542945,0,0
82,5,5.836692940738736,0,0
82,6,5.265075966178545,0,0
82,7,4.752227333983615,0,0
82,8,6.2648003491415425,0,0
82,9,5.656464566110496,0,0
82,10,5.668149032630198,0,0
82,11,5.243364919562144,0,0
82,12,4.732841568224529,0,0
82,13,5.786502178118248,0,0
82,14,5.765487836863396,0,0
82,15,6.011596898590093,0,0
82,16,6.247130227818506,0,0
82,17,6.033035988840239,0,0
82,18,5.1751315162872045,0,0
82,19,6.073614951945697,0,0
83,0,4.430859151931791,18,18
83,1,4.882451314101225,0,18
83,2,4.792854679934997,0,18
83,3,5.191632418874514,0,18
83,4,5.028810525198584,0,18
83,5,4.435047056793266,0,18
83,6,5.113906211515376,0,18
83,7,5.582054041930798,0,18
83,8,5.3188823228919775,0,18
83,9,5.3355422546978195,0,18
83,10,4.200045881536468,0,18
83,11,6.0952367598296595,0,18
83,12,5.2355275580860905,0,18
83,13,5.565072742173343,0,18
83,14,4.8927049474638915,0,18
83,15,5.387953404750205,0,18
83,16,5.265892793424606,0,18
83,17,4.925983802556454,0,18
83,18,5.358177836262461,0,18
83,19,5.002172866567965,0,18
84,0,5.177777830155577,0,0
84,1,5.179572272642882,0,0
84,2,5.787715666882071,0,0
84,3,4.820267680156846,0,0
84,4,4.991113487189309,0,0
84,5,4.642724083834677,0,0
84,6,5.287177336579054,0,0
84,7,4.973682953454643,0,0
84,8,5.0183316728995875,0,0
84,9,5.30230597258498,0,0
84,10,4.195818378696191,0,0
84,11,4.818413022492506,0,0
84,12,5.715363967636687,0,0
84,13,5.3898802333967195,0,0
84,14,5.381386720111934,0,0
84,15,5.7492996323661325,0,0
84,16,4.39851801823721,0,0
84,17,5.234117711611384,0,0
84,18,4.46812098786056,0,0
84,19,4.800145325358127,0,0
85,0,4.878748536904539,0,0
85,1,4.885091974391652,0,0
85,2,5.609549355127803,0,0
85,3,4.902695755187711,0,0
85,4,6.134932594441407,0,0
85,5,4.660504946649026,0,0
85,6,4.259877429087098,0,0
85,7,5.808076767954023,0,0
85,8,6.165901169205295,0,0
85,9,5.224003075937479,0,0
85,10,5.65072399838975,0,0
85,11,5.660694715460098,0,0
85,12,5.5369945750074505,0,0
85,13,6.191826472395578,0,0
85,14,6.203759158304138,0,0
85,15,5.4852025027140545,0,0
85,16,5.007444415443009,0,0
85,17,6.500534187374056,0,0
85,18,4.96007562351107,0,0
85,19,5.389110583034051,0,0
86,0,5.978720152342688,0,0
86,1,5.319413476784361,0,0
86,2,4.9242307634284455,0,0
86,3,5.403555939268386,0,0
86,4,5.138524235160432,0,0
86,5,5.339361291516673,0,0
86,6,5.304077609690929,0,0
86,7,5.515884523216541,0,0
86,8,5.42376733651889,0,0
86,9,4.683600510767356,0,0
86,10,5.673422426575233,0,0
86,11,4.851112252722045,0,0
86,12,5.830746745057155,0,0
86,13,6.06752751167892,0,0
86,14,5.6475837835475,0,0
86,15,5.899071197576059,0,0
86,16,4.805851255834327,0,0
86,17,5.9651916511346705,0,0
86,18,5.1723355788300704,0,0
86,19,5.219573226181157,0,0
87,0,5.347547692804654,0,0
87,1,5.0648371446874485,0,0
87,2,5.710088251084102,0,0
87,3,6.249085780523213,0,0
87,4,5.3258325867000575,0,0
87,5,4.296261401495429,0,0
87,6,5.138758048211771,0,0
87,7,4.85898106492116,0,0
87,8,4.776198125938199,0,0
87,9,4.728700638858337,0,0
87,10,4.923922687648987,0,0
87,11,4.346081262984215,0,0
87,12,5.771252614795947,0,0
87,13,5.355816953009094,0,0
87,14,5.727163897445137,0,0
87,15,5.719491683432346,0,0
87,16,5.565669730970939,0,0
87,17,5.401835048594638,0,0
87,18,5.679730769964245,0,0
87,19,6.125588354380207,33,33
88,0,5.0588143093551,0,0
88,1,5.327483688214922,0,0
88,2,4.871138338334534,0,0
88,3,5.319726907247606,0,0
88,4,4.692771224958839,0,0
88,5,4.953377467871524,0,0
88,6,6.102378123845519,0,0
88,7,4.063339779706194,0,0
88,8,5.49633616850099,0,0
88,9,5.289177238052704,0,0
88,10,5.919145480203411,0,0
88,11,5.786675885704251,0,0
88,12,5.408303804130575,0,0
88,13,5.435445595224818,0,0
88,14,5.564623326543899,0,0
88,15,5.845644849507868,0,0
88,16,5.9998740727899085,0,0
88,17,5.361498515170889,0,0
88,18,5.376895449455544,0,0
88,19,4.908943022411509,0,0
89,0,4.2571501306669965,0,0
89,1,5.0049718156698635,0,0
89,2,5.166942878866969,0,0
89,3,4.579163214069691,0,0
89,4,4.521776954233146,0,0
89,5,5.287800584508873,0,0
89,6,4.207305492848477,0,0
89,7,6.01507546759693,0,0
89,8,5.2705917855468725,0,0
89,9,5.642693036677544,0,0
89,10,5.128569305616064,0,0
89,11,5.070875834018621,0,0
89,12,4.635875111391537,0,0
89,13,5.366470025806192,0,0
89,14,5.736152687983578,0,0
89,15,5.698337509282573,0,0
89,16,5.1904551799527034,0,0
89,17,5.507538548915703,0,0
89,18,6.075443708884065,0,0
89,19,6.610691245325511,0,0
90,0,4.582643418225287,0,0
90,1,5.368228972601914,0,0
90,2,5.019511792999612,0,0
90,3,5.646339303044586,16,16
90,4,5.928690932536533,0,16
90,5,4.986355417797082,0,16
90,6,6.457421915761386,0,16
90,7,4.4445864814735305,0,16
90,8,6.001095985819204,0,16
90,9,5.715311443948741,0,16
90,10,5.366130347443277,0,16
90,11,5.382376347828112,0,16
90,12,6.922092141619438,0,16
90,13,6.072360499050655,0,16
90,14,5.805754287340058,0,16
90,15,6.646269759130743,0,16
90,16,6.084116717765282,0,16
90,17,5.883211017995424,0,16
90,18,6.05368078216191,0,16
90,19,6.8836633816800346,0,16
91,0,5.529667132089931,0,0
91,1,4.896159710194943,0,0
91,2,4.15147593000357,0,0
91,3,5.015747434381871,0,0
91,4,6.325487804423137,0,0
91,5,6.049767258934805,0,0
91,6,5.308419862667895,0,0
91,7,5.493197052850188,0,0
91,8,6.021897552194783,0,0
91,9,5.661296807474868,0,0
91,10,6.737767442466431,0,0
91,11,5.643865396981737,0,0
91,12,5.327590105541436,0,0
91,13,5.936089229590681,0,0
91,14,5.861221109057598,0,0
91,15,6.846604690519468,0,0
91,16,5.423085535006573,0,0
91,17,6.543005941292243,0,0
91,18,6.196266351394976,0,0
91,19,5.336882904132231,0,0
92,0,5.1943892631430675,0,0
92,1,5.132642590220689,0,0
92,2,5.636471722128778,0,0
92,3,4.2546722837823125,0,0
92,4,4.879441172707498,0,0
92,5,4.743452007441596,0,0
92,6,4.186734451186299,0,0
92,7,5.677251491500457,0,0
92,8,5.336660658269067,0,0
92,9,5.8486530216221695,0,0
92,10,5.516154795968017,0,0
92,11,5.839384744318762,0,0
92,12,5.64908567164309,0,0
92,13,5.554010295294394,0,0
92,14,5.501903423511603,0,0
92,15,5.444698978047619,0,0
92,16,6.306293580300007,0,0
92,17,5.4863217210233035,0,0
92,18,5.349780636117533,0,0
92,19,4.191245486536671,0,0
93,0,3.8471695275375013,0,0
93,1,5.232221911546186,0,0
93,2,5.715932737745918,0,0
93,3,5.772335163422124,0,0
93,4,5.431082187737702,0,0
93,5,5.584730802017564,0,0
93,6,5.274588109112434,0,0
93,7,6.521035933223387,0,0
93,8,5.381036339595397,0,0
93,9,5.910518079737677,0,0
93,10,5.004899932005175,0,0
93,11,5.955989078768081,0,0
93,12,5.217228755713981,0,0
93,13,6.085010110610657,0,0
93,14,6.833255011412659,0,0
93,15,5.9795951619119805,0,0
93,16,5.825671548456867,0,0
93,17,4.546502454637335,0,0
93,18,5.932066615263906,0,0
93,19,5.62757053314083,0,0
94,0,4.7115411123011475,0,0
94,1,5.84053993870759,0,0
94,2,5.124477983038904,0,0
94,3,5.275537784601057,0,0
94,4,4.481717914362943,0,0
94,5,5.327555127915686,0,0
94,6,4.939956308223718,0,0
94,7,4.698845887181696,0,0
94,8,5.971666185675068,0,0
94,9,4.84283673246652,0,0
94,10,6.22025097408893,0,0
94,11,5.358283275020785,0,0
94,12,5.37087065416318,0,0
94,13,6.425944051192749,0,0
94,14,5.67149753432653,0,0
94,15,5.009490583842387,0,0
94,16,5.370559944506537,0,0
94,17,5.253566653996792,0,0
94,18,5.6632414133073565,0,0
94,19,5.377405480012168,0,0
95,0,5.116704875761733,0,0
95,1,5.8125289593215195,16,16
95,2,5.182586299116275,0,16
95,3,5.234197462223313,0,16
95,4,4.920682538029983,0,16
95,5,5.230212074848445,0,16
95,6,5.397926157916682,0,16
95,7,4.80721537990947,0,16
95,8,4.884337980438649,0,16
95,9,4.824447105022705,0,16
95,10,5.585291362766171,0,16
95,11,4.864177711750798,0,16
95,12,5.8855148515660085,0,16
95,13,5.702506516910021,12,28
95,14,4.440831822775228,0,28
95,15,4.622136512985919,0,28
95,16,6.213164274620465,0,28
95,17,5.491632797854217,0,28
95,18,5.3720843544592185,0,28
95,19,4.354633612528323,0,28
96,0,5.1648231881406454,0,0
96,1,5.860577047060424,0,0
96,2,5.153467142901933,0,0
96,3,5.431423411757635,0,0
96,4,5.867471130658559,0,0
96,5,5.356643644182732,0,0
96,6,5.342251948199929,0,0
96,7,5.735564665356464,0,0
96,8,5.6767878460303836,0,0
96,9,5.409660118760608,0,0
96,10,6.528803551228261,0,0
96,11,6.007599756197443,0,0
96,12,6.568705358514213,0,0
96,13,7.133222876684389,0,0
96,14,5.817443164029758,0,0
96,15,6.809001836401427,0,0
96,16,6.393283036835119,0,0
96,17,5.604780013570714,0,0
96,18,5.340381187582098,0,0
96,19,6.381087209287394,0,0
97,0,5.245420295715458,0,0
97,1,5.069253661016567,0,0
97,2,6.040326514366328,0,0
97,3,5.050469019683781,0,0
97,4,5.254978945795365,0,0
97,5,6.286784610148297,0,0
97,6,6.0936162931108155,0,0
97,7,5.608885170559423,0,0
97,8,5.606293333845066,0,0
97,9,4.606067230399278,0,0
97,10,6.619885879464501,0,0
97,11,5.3775082409763915,0,0
97,12,6.001522547940093,0,0
97,13,5.838373695276834,0,0
97,14,4.879628049440148,0,0
97,15,5.980088732204993,0,0
97,16,5.473965358906242,0,0
97,17,6.596942425419962,0,0
97,18,5.784987927335017,0,0
97,19,6.523793735395104,0,0
98,0,5.185865211048589,0,0
98,1,4.930583802363811,0,0
98,2,5.5470104430714215,0,0
98,3,6.009110413109682,0,0
98,4,5.579929049927019,0,0
98,5,4.487444819670239,0,0
98,6,5.228035782570218,0,0
98,7,5.642953116609907,0,0
98,8,5.761341139792984,0,0
98,9,6.054635720498731,0,0
98,10,5.965337229767517,0,0
98,11,5.82325364124864,0,0
98,12,5.470368968208719,0,0
98,13,6.187804339059174,0,0
98,14,5.335046844876851,0,0
98,15,5.195194247165512,0,0
98,16,6.01700789590594,0,0
98,17,5.392450895400842,0,0
98,18,6.2959656621118505,0,0
98,19,6.2255724291904695,0,0
99,0,4.5317389659914316,0,0
99,1,5.365281715122813,0,0
99,2,4.7950318679649335,0,0
99,3,4.804221522416249,0,0
99,4,4.9182706457338545,0,0
99,5,4.528903033788464,0,0
99,6,5.2577927833037315,0,0
99,7,5.534765014805796,0,0
99,8,4.834339160326898,46,46
99,9,5.043165401075764,0,46
99,10,5.398677327685609,0,46
99,11,5.376933478984517,0,46
99,12,6.357146530186801,0,46
99,13,6.410940758478977,0,46
99,14,4.484371554586238,0,46
99,15,6.4302535416116875,0,46
99,16,4.743230914222309,0,46
99,17,5.055636264071038,0,46
99,18,4.805122578481087,0,46
99,19,4.871517598468257,0,46
